Accession Number,herbarium,species.label,modifier,my.species,Authorship Ref Species author::Species Author,province.state,collector,location,habitat,Geo_LatDegree,Geo_LongDegree,Geo_Source,mapped,certainty 0-3,Altitude from sheet,altitude.units,max elevation,altitude.corrected,Date,Entire plant,corolla width,spur length,spur reflexion,blade length,blade width,blade cleft,sepal length,sepal width,anther exsertion,sepal.color.0.4,Fls/infl,Petal midpoint diameter,Height cm,term lflt length cm,term lflt width cm,num bsl lvs,comments,changes
V176410,UBC,flavescens,,flavescens,S. Watson,BC,A.A. Rose,"Invermere, Paradise Mountain",,50.520041,-115.745545,Google Earth,Y,2,675,m,,675,1981 Aug 19,Y,1.5,1.1,NA,0.5,0.6,N,1.7,0.55,0.9,0,,0.23,,,,,elevation does not match location description,
V167996,UBC,flavescens,,flavescens,S. Watson,BC,Susan Stevenson,"Crutch Creek, Selkirk Mountains, ca. 5.5km due south of Salmo-Creston summit &one km n. of u. south border",,49.013244,-117.034821,label,Y,3,1825,m,,1825,1978 Aug 09,Y,2.3,1.5,NA,0.74,0.74,N,2.1,NA,0.7,0,,0.35,,,,,,
V67474,UBC,flavescens,,flavescens,S. Watson,BC,"M. Bell, J. Davidson","Flathead, Sage Creek Lodge",,49.360154,-114.621246,Google Earth,Y,1,5000,ft,,1524,1957 Jul 21,Y,NA,NA,NA,NA,NA,NA,NA,NA,NA,NA,3.33,NA,57,4.3,3.7,7,"fls senesced,dead bsl lvs not counted",
V67047,UBC,flavescens,,flavescens,S. Watson,BC,J.W. Eastham,"Flathead, Mile 14",,49.361859,-114.638781,Google Earth,Y,2,4900,ft,,1493.52,1957 Jul 17,Y,1.96,1.5,3,0.6,0.7,N,1.7,0.5,NA,0,5,0.3,33,1.6,1.6,3,", very faint red on only one sepalanthers a mess",
V67048,UBC,flavescens,,flavescens,S. Watson,BC,J.W. Eastham,Flathead area,,49.381119,-114.625047,Google Earth,Y,1,6500,ft,,1981.2,1957 Aug 18,Y,1.8,1.6,2,0.6,0.6,N,2,NA,0.5,0,5,0.38,56,3.5,4.3,5,,
V64139,UBC,flavescens,,flavescens,S. Watson,BC,M.E. Slack,Albert Canyon,,51.136862,-117.853796,Google Earth,Y,1,NA,,,720,1915 Jun,N,1.5,1.7,2,0.5,0.4,N,1.3,0.4,0.6,0,4,0.3,NA,,,NA,,
V33047,UBC,flavescens,,flavescens,S. Watson,BC,E. Wilson,"Armstrong, Davis Creek",,50.440681,-119.128592,Google Earth,Y,2,NA,,,755,1904 May 24,N,1.55,1,3,0.6,0.7,N,2,0.7,0.8,0,6,0.3,NA,5,1.8,NA,long narrow lflts,
V64133,UBC,flavescens,,flavescens,S. Watson,BC,A. Flett,"Kootenay, Corbin",,49.514539,-114.644628,Google Earth,Y,1,NA,,,1731,1915,Y,1.95,1.4,2,0.7,0.7,N,2.2,0.7,0.4,0,10,0.25,34,2.2,2.6,4,,
V43375,UBC,flavescens,,flavescens,S. Watson,Alberta,A. Flett,"Crows Nest Pass, Corbin",,49.589279,-114.520738,Google Earth,Y,1,NA,,,1629,,N,NA,NA,NA,NA,NA,NA,NA,NA,NA,0,5,NA,NA,2.4,2.7,NA,"immature fls, extremely faint red observed at edges",
V33046,UBC,flavescens,,flavescens,S. Watson,BC,E. Wilson,"Armstrong, Davis Creek",,50.440681,-119.128592,Google Earth,N,2,NA,,,755,1904 May 24,Y,1.3,1,3,0.48,0.56,N,1.6,0.5,0.8,0,3,0.3,,,,,duplicate location description,
V34060,UBC,flavescens,,flavescens,S. Watson,BC,H. Murray,Crawford Bay,,49.677106,-116.775823,Google Earth,Y,1,NA,,,1521,1919 May 30,Y,1.8,1.6,3,0.8,0.9,N,1.9,0.7,0.5,0,4,0.5,62.5,2.3,2,2,,
94792,UBC,flavescens,,flavescens,S. Watson,BC,"T.M.C. Taylor, A.F. Szczawinski",Galena Pass Summit,,50.711744,-117.749506,Google Earth,Y,2,5325,ft,,1623.06,1962 Jul,N,1.7,1.9,3,0.6,0.6,N,2.3,0.8,1.3,0,9,0.4,NA,4.8,4.3,NA,elevation changed from 850m to match location description,
66717,UBC,flavescens,,flavescens,S. Watson,BC,K.I. Beamish,Monashee Rd. 5 mi E. of Kettle R.,,49.004247,-118.699628,Google Earth,Y,1,NA,,,1054,,Y,1.9,1.5,2,0.6,0.6,N,2.2,0.7,0.6,0,3,0.4,48,2.5,1.6,2,Location uncertain,
83687,UBC,flavescens,,flavescens,S. Watson,BC,K.J. Roller,Idaho Mountain,,49.970284,-117.301307,Google Earth,Y,1,NA,,,2114,,Y,1.8,1.4,NA,0.5,0.6,N,1.7,0.7,0.7,0,5,0.3,39,3,1.9,4,,
86455,UBC,flavescens,,flavescens,S. Watson,BC,V.C. Brink,"Silver Star Mt., Vernon",subalpine forest and alpine association,50.355505,-119.122397,Google Earth,Y,2,5400,ft,,1645.92,1960,Y,1.77,1.5,1,0.6,0.7,N,2.1,1.13,0.66,0,3,0.38,,,,,elevation added,
103901,UBC,flavescens,,flavescens,S. Watson,BC,F. Vrugtman,"Slocan Chief Cabin Trail, Kokanee Glaceir Park",dry mountain-side,49.731456,-117.154733,Google Earth,Y,3,5900,ft,,1798.32,1962 Jul 25,Y,2.15,1.3,3,0.6,0.73,N,1.7,0.9,0.62,0,3,0.41,,,,,,
34061,UBC,flavescens,,flavescens,S. Watson,BC,J.W. Eastham,"Six Mile Lakes, Nelson",,49.666168,-117.275679,Google Earth,Y,3,4500,ft,,1371.6,1940 Jun 26,N,1.4,1.2,3,0.6,0.5,N,1.6,0.5,0.7,0,18,0.3,,,,,fruiting,
34064,UBC,flavescens,,flavescens,S. Watson,BC,J.W. Eastham,Kokanee,,49.728825,-117.152573,Google Earth,Y,1,NA,,,1721,1938 Jul 29,Y,2.08,1.8,1,0.46,0.7,N,2.2,0.55,1,0,7,0.4,,,,,sheet 1 measured,
88893,UBC,flavescens,,flavescens,S. Watson,BC,F.V. C.V.,Mt. Kobau lookout trail,"Abies lasiocarpa, open range",49.111987,-119.666998,Google Earth,Y,3,6100,ft,,1859.28,1961 Jul 6,Y,2.1,1.5,1,0.6,0.7,N,2.1,0.53,0.6,0,4,0.4,,,,,,
47325,UBC,flavescens,,flavescens,S. Watson,BC,F. Fedor,"Boulder Creek, Fort Steele",,49.290944,-116.638468,Ministry of Natural Resource Operations - BC Geographical Names,Y,2,NA,,,1028,1943 Jun 6,N,2.15,1.4,1,0.84,0.7,N,2.3,0.85,0.47,0,3,0.26,,,,,,
121267,UBC,flavescens,,flavescens,S. Watson,BC,V.C. Brink,Mt. Robson,,53.128402,-119.170762,Google Earth,Y,3,6300,ft,,1920.24,1949 Jul 24,Y,1.96,1.4,NA,0.8,0.73,N,2,0.73,0.5,0,1,NA,,,,,,
34074,UBC,flavescens,,flavescens,S. Watson,BC,J.W. Eastham,"St. Mary's Lake, Kimberley",,49.597183,-116.189017,Google Earth,Y,2,NA,,,1223,1947 Jun 30,Y,NA,2,3,0.6,0.62,N,NA,NA,NA,0,4,0.31,,,,,no complete fls,
V239253,UBC,flavescens,,flavescens,S. Watson,BC,Frank Lomer,"Yoho National Park, Mount Field, southwest slope, 3.5 km due northeast of town of Field",,51.421961,-116.460058,label,Y,3,1785,m,,1785,2013 Aug 17,Y,NA,NA,NA,NA,NA,N,NA,NA,NA,NA,1,NA,,,,,immature,
97386,UBC,flavescens,,flavescens,S. Watson,BC,K. Milroy,Mt Cobau,rocky outcrop,49.109936,-119.668062,Google Earth,Y,1,NA,,,1810,1961 Jul 6,Y,2.3,1.4,3,0.7,0.7,N,2,0.7,0.6,1,6,0.31,,,,,blue tinge in sepals,
34065,UBC,flavescens,,flavescens,S. Watson,BC,J.W. Eastham,"Lightning Peak Rd., Monashee",,49.885004,-118.536494,Google Earth,Y,2,4500,ft,,1371.6,1940 Jul 14,Y,1.9,1.5,1,0.6,0.8,N,1.9,0.55,0.56,0,,0.32,,,,,,
218291,UBC,flavescens,,flavescens,S. Watson,BC,RMcL,Hosmer Wheler 1-06-780,,49.620868,-114.939362,Google Earth,Y,2,1067,m,,1067,1976 Jul 07,Y,2,1.7,2,0.6,0.7,N,2.2,0.62,0.45,0,6,0.35,,,,,,
218292,UBC,flavescens,,flavescens,S. Watson,BC,,Fording River Plot 1 Area Turnbull,,50.210279,-114.85537,Google Earth,Y,1,NA,,,1904,1971 Jul 28,Y,1.4,NA,2,0.7,0.8,N,1.5,0.75,0.5,0,2,NA,,,,,"left fl measured, right has blue in sep",
33044,UBC,flavescens,,flavescens,S. Watson,BC,J.W. Eastham,"Mt. Revelstoke, along Jade Lake Trail",,51.070329,-118.082532,Google Earth,Y,3,6100,ft,,1859.28,1947 Aug 6,Y,1.4,1.6,3,0.5,0.5,N,1.6,NA,0.55,0,3,0.4,,,,,,
34063,UBC,flavescens,,flavescens,S. Watson,BC,J.W. Eastham,Radium Hotsprings,,50.623576,-116.050496,Google Earth,Y,1,NA,,,1110,1939 Jul 24,Y,1.9,1.7,3,0.6,0.6,N,2.1,0.4,0.5,0,3,0.3,,,,,,
34062,UBC,flavescens,,flavescens,S. Watson,BC,J.W. Eastham,Kokanee,,49.726832,-117.145022,Google Earth,Y,1,NA,,,1815,1938 Jul 29,N,1.9,1.5,1,0.4,0.7,N,1.8,0.6,0.9,0,7.5,0.42,,,,,,
152515,UBC,flavescens,,flavescens,S. Watson,BC,Doug Morrison,Fording River - Mt. Turnbull,alpine grassland - rough Festuca community,50.220499,-114.834322,Google Earth,Y,3,7580,ft,,2310.384,1971 Jul 28,Y,1.75,1.1,1,0.5,0.6,N,1.5,0.6,0.5,0,3,0.4,,,,,,
160779,UBC,flavescens,,flavescens,S. Watson,BC,Olivia Ng,"around Copper Lake, Kootenay District","shady areas, also in flood plains",50.033095,-115.903869,Google Earth,Y,3,4000,ft,,1219.2,1975 Jun 22,Y,1.96,1.6,1,0.5,0.9,N,2.1,0.6,0.8,0,3,0.3,,,,,,
96788,UBC,flavescens,,flavescens,S. Watson,Montana,J.W. Eastham,Glacier National Park,,48.752534,-113.800964,Google Earth,Y,1,4000,ft,,1219.2,1962 Jul 61,Y,1.95,1.5,NA,0.8,0.62,N,2.6,0.9,0.4,0,8,,,,,,,
96787,UBC,flavescens,,flavescens,S. Watson,Montana,K.J. Roller,Glacier National Park,,48.758786,-113.764198,Google Earth,Y,1,NA,,,1886,1961 Jul 22,Y,1.6,1.4,0,0.4,0.5,N,2.1,0.6,1,0,,,,,,,,
V133288,UBC,flavescens,,flavescens,S. Watson,Alberta,Job Kuijt,Carthew Trail above Allison Lake,"mossy stream bank in shade from Salix, Picea and Abies lasiocarpa",49.03114,-113.982591,label,Y,3,6500,ft,,1981.2,1969 Jul 23,Y,1.9,1.5,1,0.7,0.7,N,2.4,0.8,0.4,0,,,,,,,,
133265,UBC,flavescens,,flavescens,S. Watson,Alberta,Job Kuijt,Upper Twin Lake,steep east slope composed of rock fragments,49.134777,-114.159654,label,Y,3,6500,ft,,1981.2,1969 Jul 16,Y,1.7,0.8,1,0.45,0.65,N,1.7,0.9,0.5,0,,,,,,,,
21843,UBC,flavescens,,flavescens,S. Watson,Alberta,T.M.C. Taylor,"Waterton Lakes Park, above Carthew Lake",damp ledges,49.025103,-114.002397,label,Y,3,7800,ft,,2377.44,1951 Aug 7,Y,1.2,1,2,0.4,0.51,N,1.3,0.53,0.69,0,,,4.5,,,,,
21844,UBC,flavescens,,flavescens,S. Watson,Alberta,T.M.C. Taylor,"Waterton Lakes Park, rock slide above timberline on Carthew Ridge",,49.036549,-114.000129,Google Earth,Y,3,7800,ft,,2377.44,1951 Aug 7,Y,1.4,1.1,1,0.4,0.6,N,1.5,0.6,0.8,0,,,7,,,,,
82402,UBC,flavescens,,flavescens,S. Watson,Alberta,W.W. Mair,"Banff National Park, along trail to muskeg, back of Hillsdale",,51.272549,-115.783822,Google Earth,Y,2,NA,,,2118,1949 Jul 12,Y,2.2,1.6,1,0.5,0.7,N,2.1,0.8,0.8,0,,,,,,,,
82475,UBC,flavescens,,flavescens,S. Watson,Alberta,W.W. Mair,"Banff National park, approx. 4-5 mile point",,51.189233,-115.581072,Google Earth,Y,1,NA,,,1402,1949 Jun 27,Y,2.05,1.6,1,0.6,0.9,N,1.5,0.6,0.65,0,,,,,,,,
33045,UBC,flavescens,,flavescens,S. Watson,Montana,Henry M. Fitch,Sheridian,,45.458135,-112.178946,Google Earth,Y,1,NA,,,1602,NA,N,2,1.6,0,0.56,0.8,N,2,0.8,0.65,0,,,,,,,,
45998,UBC,flavescens,,flavescens,S. Watson,Washington,J. William Thompson,"Kittitas CO: alpine slopes of Table Mt. , Wenatchee Mts.",alpine,47.268934,-120.58604,http://peakbagger.com/peak.aspx?pid=27842,Y,3,6200,ft,,1889.76,1940 Jul 14,Y,1.7,1.5,2,0.33,0.5,N,1.7,0.5,0.9,1,,,,,,,,
108620,UBC,flavescens,,flavescens,S. Watson,Alberta,K.I. Beamish,Banff Park,,51.158166,-115.537536,Google Earth,Y,1,NA,,,1691,1961 Jun 21,Y,2,1.4,3,0.9,0.7,N,2,0.71,0.6,0,,,,,,,,
64746,UBC,flavescens,,flavescens,S. Watson,Oregon,W.C. McCalla,Wallowa Lake,,45.35277,-117.263787,Google Earth,Y,3,4190,ft,,1277.112,1939 Jun 1,Y,2.1,1.1,0,0.6,0.6,N,2.2,0.9,0.8,0,,,,,,,,
82209,UBC,flavescens,,flavescens,S. Watson,Alberta,R.T. Ogilvie,"Spray Valley, south of Canmore, near Mud Lake",,50.832412,-115.341739,Google Earth,Y,3,6000,ft,,1828.8,1959 Jul 3,Y,2.2,1.1,1,0.6,0.9,N,2.1,0.9,0.65,0,,,,,,,,
40891,UBC,flavescens,,flavescens,S. Watson,Alberta,Job Kuijt,Kananaskis F.E.S.,,51.075208,-115.145754,Google Earth,Y,1,4500,ft,,1371.6,1953 Aug 2,N,2.2,1.6,0,0.5,0.75,N,2.2,0.9,0.97,0,,,,,,,,
53015,UBC,flavescens,,flavescens,S. Watson,Alberta,C.C. Brayshaw,Waterton Lake,Shady wood,49.049335,-113.91879,Google Earth,Y,1,NA,,,1335,1951 Jun 24,N,1.35,NA,NA,NA,NA,N,1.8,0.66,NA,0,,,,,,,,
V130256,UBC,flavescens,,flavescens,S. Watson,Alberta,"K.I. Beamish, J. Pinder-Moss","Mt. Clitheroe, Tonquin Valley, Jasper National Park",open meadow slopes above timber,52.711829,-118.242143,Google Earth,Y,3,7500,ft,,2286,1970 Jul 26,Y,1.82,1.1,0,0.45,0.58,N,2,0.88,0.8,0,,,,,,,,
V21842,UBC,flavescens,,flavescens,S. Watson,Alberta,T.M.C. Taylor,"Waterton Lakes Park, at head of Cameron Lake",damp rock slide,49.044974,-114.05865,Google Earth,Y,3,7800,ft,,2377.44,1951 Aug 06,Y,2.65,1.7,0,0.9,1,N,2.3,0.7,0.2,0,,,,,,,,
V94995,UBC,flavescens,,flavescens,S. Watson,Alberta,J.W. Eastham,"Banff National Park, Larch Valley",,51.34936,-116.180394,label,Y,3,7600,ft,,2316.48,1962 Jul 30,Y,2,1.2,2,0.5,0.46,N,1.4,0.6,0.51,1,,,,,,,,
V133737,UBC,flavescens,,flavescens,S. Watson,,,Oil basin end Mount Galwey,,49.171229,-113.947865,label,Y,3,6000,ft,,1828.8,1969 May 27,Y,1.7,1.8,3,0.5,0.9,N,1.9,0.68,0.7,0,,,,,,,,
V152236,UBC,flavescens,,flavescens,S. Watson,BC,K.I. Beamish,"Just below lookout on Mount Idaho, east side of Slocan Lake","lush alpine meadow, full sun, south slope, with scattered Abies lasiocarpa",49.972234,-117.298282,Google Earth,Y,3,6800-7000,ft,,2103.12,1975 Jul 11,Y,1.9,1.5,3,0.6,0.56,N,2.1,0.95,0.6,0,,3.5,,,,,,
34069,UBC,flavescens,var. miniana,putative hybrid,Nels. & Macbr.,BC,J. Buckland,Selkirks nr. Revelstoke,rock slide,51.055967,-118.082189,Google Earth,Y,2,6500,ft,,1981.2,1938 Jul,Y,1.71,1.7,1,0.7,0.5,N,1.6,0.5,0.6,1,2.33,0.25,NA,1.5,0.7,8,putative hybrid,
67239,UBC,flavescens,var. miniana,putative hybrid,Nels. & Macbr.,BC,"M. Bell, J. Davidson",Flathead Townsite,,49.362841,-114.631594,Google Earth,Y,3,4900,ft,,1493.52,1957 Jul 18,Y,2,1.9,3,0.8,0.6,N,1.8,0.6,0.6,1,4,0.36,57,3.5,3.2,6,putative hybrid,
37031,UBC,flavescens,var. miniana,putative hybrid,Nels. & Macbr.,BC,"P.A. Jones, D.A. Ross",Silver Star Mountain (Aberdeen Mt.) 12 mi. ne of Vernon,,50.34763,-119.12952,Google Earth,Y,3,5000,ft,,1524,1951 Aug 15,Y,1.9,1.4,3,0.6,0.5,N,2.7,1.1,0.8,1,7,0.4,64,3.8,4.2,3,putative hybrid,
132894,UBC,flavescens,var. miniana,flavescens,Macbride & Payson,BC,A.F. Szczawinski,"Cougar Valley, Glacier Natl. Park, Rogers Pass","subalpine, grassy slope",51.294127,-117.565988,Google Earth,Y,2,NA,,,1849,1964 Aug 13,Y,2.4,1.2,NA,0.7,0.5,N,2.6,0.9,0.9,0,NA,0.28,65,2.4,2.5,4,"taxonomy uncertain, resembles pure flavescens",
94996,UBC,flavescens,,putative hybrid,S. Watson,Alberta,F. Vrugtman,"Consolation Valley, Banff National Park","Scree, E. aspect",51.340353,-116.178441,Google Earth,Y,3,6400,ft,,1950.72,1962 Aug 2,Y,1.9,1.5,1,0.7,0.4,N,2.5,1,0.4,3,2,,25,1.8,0.8,3,putative hybrid,taxonomy as on label
82221,UBC,flavescens,,flavescens,S. Watson,Alberta,R.T. Ogilvie,"Jasper National Park, Alberta",,52.873915,-117.981342,Google Earth,Y,3,6500,ft,,1981.2,1959 Aug 5,Y,2.1,1.6,1,0.9,0.84,N,2.7,1.11,0.59,0,3,,,,,,,
133248,UBC,flavescens,,putative hybrid,S. Watson,Alberta,F. Fodor,"Twin Lakes, near Ball Mt., Banff National Park",,51.209456,-115.982207,Google Earth,Y,3,6900,ft,,2103.12,1969 Jul 30,Y,2.25,1.5,3,0.56,0.75,N,2.3,0.75,0.8,1,2,,,,,,resembles var. miniana,
V176996,UBC,formosa,,formosa,Fisch. ex DC.,BC,Wynne Gorman,"3 km north of Forrest Kerr Creek, 0.5 km south of More Creek tributary",alpine-fir forest,56.737951,-130.65977,ministry of Natural Resource Operations - BC Geographical Names,Y,3,550,m,,550,1979 Aug 20,Y,NA,NA,NA,NA,NA,NA,NA,NA,NA,NA,,,,,,,elevation changed from range to exact value,
V177007,UBC,formosa,,formosa,Fisch. ex DC.,BC,Wynne Gorman,"Stikine River, northern floodplain, 10 km west of Cullivan Creek",,57.927394,-129.238985,label,Y,3,1000,ft,,304.8,1979 Sep 14,Y,NA,NA,NA,NA,NA,N,NA,NA,NA,NA,,,13,,,,elevation changed from range to exact value,
V218439,UBC,formosa,,formosa,Fisch. ex DC.,BC,Carol Latimer,Atlin,,59.580883,-133.704032,label,Y,2,2300,ft,,701.04,2002 Jul,N,1.3,1.3,NA,0.3,0.4,N,2,0.7,1,3,,,,,,,,
V213520,UBC,formosa,,formosa,Fisch. ex DC.,BC,W. & D.M. van Dieren,"Vancouver Island, Port Alberni, Somass River delta",,49.249661,-124.838987,Google Earth,Y,3,NA,ft,,0,1981 May 23,N,1.57,1.9,1,0.3,0.4,Y,2.4,0.9,1.7,3,10,0.39,NA,2.8,2.8,NA,,
21665,UBC,formosa,,formosa,Fisch. ,BC,T.M.C. Taylor,Cathedral Lakes at base of Red Mountain,damp bank,49.072336,-120.183993,Google Earth,Y,3,6500,ft,,1981.2,1951 Aug 17,Y,1.44,1.7,2,0.36,0.5,N,1.75,0.88,1.14,2,6,0.25,,,,,,
137047,UBC,formosa,,formosa,Fisch. ex DC.,Yukon,"K. Beamish, D. Krause, J.Luitjens","Lapie Lakes, mile 101scree slope",,61.610934,-133.041862,label,Y,3,4500,ft,,1371.6,1968 Jun 26,Y,1.2,1,3,0.35,NA,N,1.6,0.6,0.7,2,,,,,,,"possible hybrid, mapped to match elevation description",
V222267,UBC,formosa,,formosa,Fisch. ex DC.,Washington,Jesara Schroeder,Ferry County. Colville National Forest. Along the North Trout Fork Road (2048).,,48.786336,-118.760412,Google Earth,Y,2,1050,m,,1050,1999 Jul 10,Y,0.94,1.9,0,0.45,0.45,N,1.9,0.6,1,3,,,,,,,,
V213384,UBC,formosa,,formosa,Fisch. ex DC.,BC,"Eric Lamb, Sarah Martz",south of Hoop Bay,in moust rocky crack in cliff just above high tide line,51.213333,-127.11,label,Y,3,0,m,,0,2002 Jun 16,Y,1.6,1.7,1,0.4,0.5,N,2.2,1.1,1.2,4,,,,,,,accession number may be V219384,
V222335,UBC,formosa,,formosa,Fisch. ex DC.,Washington,David Tank,"Skagit County. Okanagan National Forest. Lake Ann trail, 1 km north of lake.",,48.5105,-120.746283,label,Y,3,5477,ft,,1669.3896,2003 Jul 27,Y,1.1,1.4,3,0.25,0.3,N,1.7,0.6,1.05,3,,,,,,,,
V35984,UBC,formosa,,formosa,Fisch. ex DC.,BC,J. Davidson,"Garibaldi, Black Tusk Valley ",Moist slopes good soil,49.958709,-123.067364,Google Earth,Y,3,5400,ft,,1645.92,1912 Aug 15,N,1.34,1.9,1,0.2,0.2,Y,1.9,0.7,1.5,3,7,0.35,NA,2.1,2,NA,,
V226200,UBC,formosa,,formosa,Fisch. ex DC.,BC,Gerald B. Straley,"4 km SW of Hope, BC, above north side of Fraser River where natrual gas pipeline crosses river, Rt. 7",rocky bluffs,49.377923,-121.506545,Google Earth,Y,3,100,m,,100,1997 May 15,Y,1.55,1.95,0,0.15,0.3,Y,2.5,0.8,1.35,4,,,,,,,,
V227000,UBC,formosa,,formosa,Fisch. ex DC.,BC,Cindy Sayre,"Sumas Mountain, unmarked gravel road",mixed alder and Douglas-fir forest,49.072322,-122.210275,Google Earth,Y,2,1000,ft,,304.8,1998 Jun 12,N,1.2,2.13,1,0.33,0.25,Y,1.8,0.7,1.2,3,,,,,,,,
V228102,UBC,formosa,,formosa,Fisch. ex DC.,BC,"Gary J. Lewis, Jocelyn M. Ingram","Grasshopper Mountain, Tulameen Ultramafic Complex, Tulameen Area",,49.539583,-120.90189,label,Y,3,1445,m,,1445,2002 Jul 09,Y,1.39,1.5,0,0.3,0.3,Y,2.2,0.71,1,3,,,,,,,"elevation as on label, very slight difference from Google",
V229561,UBC,formosa,,formosa,Fisch. ex DC.,BC,G. Lesko,Aleza Lake,,54.117495,-122.064906,Google Earth,Y,3,2000,ft,,609.6,1957 Jun 15,Y,1.7,2.1,1,0.33,0.4,Y,2.2,1.23,1.2,4,4,0.37,,,,,,
V216641,UBC,formosa,,formosa,Fisch. ex DC.,BC,Helen Kennedy & Fred R. Ganders,"Cascade Mountains, Skagit Range SE of Chilliwack, Mount McGuire, from trailhead in ca. 300m, lower meadow",open meadow with lupinus and polygonum bistortoides,49.030274,-121.756941,label,Y,3,1600,m,,1600,1999 Sep 13,N,1.65,2,1,0.24,0.5,Y,3.1,1.3,1.1,3,13,0.3,,,,,,
V68532,UBC,formosa,,formosa,Fisch. ex DC.,BC,J. Davidson,Upper Skookum Valley [Skoonka Creek],,50.383333,-120.6,CPNWH,Y,1,NA,,,818,1914 Jun 13,N,1.79,1.6,3,0.5,0.5,N,2.4,0.9,0.5,2,4,0.49,NA,2.9,2.5,NA,possible hybrid,taxonomy as on label
V43382,UBC,formosa,,formosa,Fisch. ex DC.,BC,J. Davidson,Between Colebrook and White Rock,,49.057433,-122.844324,Google Earth,Y,1,NA,,,45,1913 May 04,N,1.5,1.9,1,0.3,0.4,Y,1.9,0.7,1.3,3,9,0.3,NA,2.5,1.9,NA,,
V43379,UBC,formosa,,formosa,Fisch. ex DC.,BC,J. Davidson,Savary Island,,49.939763,-124.81807,Google Earth,Y,1,NA,,,19,1911 Jul 02,N,1.31,2,0,0.2,0.3,N,2.1,0.7,1.1,3,NA,0.3,NA,4.5,4.9,NA,incomplete specimen,
V236020,UBC,formosa,,formosa,Fisch. ex DC.,Oregon,Richard R. Halse,"Umatilla County, Blue Mountains, at the junction of Interstate Highway 84 and Summit Road (Exit 243) ca. 18 miles northwest of LaGrande",,45.43124,-118.36353,label,Y,3,1228,m,,1228,2009 Jun 15,Y,NA,NA,1,0.42,0.4,N,1.7,0.5,0.5,3,,,,,,,,
V236907,UBC,formosa,,formosa,Fisch. ex DC.,BC,"E.R. Manton, K. McGrath","Vancouver Island, Capital Regional District, Fairy Lake Forest Recreation Site",,48.58722,-124.35028,label,Y,3,16,m,,16,2011 Jun 07,Y,1.5,2.3,0,0.2,0.3,Y,3,1.1,1.3,3,7,0.26,32.5,2.7,2.2,6,,
V236921,UBC,formosa,,formosa,Fisch. ex DC.,BC,"E.R. Manton, K. McGrath","Fraser Valley Regional District, East side of Harrison Lake, East Harrison Forest Service Road",,49.41775,-121.75878,label,Y,3,148,m,,148,2011 Jun 22,N,1.4,1.8,1,0.2,0.3,Y,2.1,0.7,1.9,4,8,0.4,NA,3.5,2.4,NA,,
V236923,UBC,formosa,,formosa,Fisch. ex DC.,BC,"E.R. Manton, K. McGrath, J. Shiller","Okanagan-Similkameen Regional District, Kettle Valley Rail Trail near Link Lake Forest Recreation Site",,49.71093,-120.23073,label,Y,3,1108,m,,1108,2011 Jul 12,Y,1.78,2.1,2,0.2,0.3,Y,2.4,1,1.6,4,6,0.26,70,3.3,3.4,3,,
V236941,UBC,formosa,,formosa,Fisch. ex DC.,BC,"E.R. Manton, K. McGrath","Vancouver Island, Comox-Strathcona Regional District, Loveland Bay Forest Service Road",,50.05075,-125.37148,label,Y,3,215,m,,215,2011 Jul 21,Y,1.21,1.8,2,0.3,0.2,N,2,0.6,1.2,3,NA,0.3,67,5,3.3,NA,incomplete specimen,
V236955,UBC,formosa,,formosa,Fisch. ex DC.,BC,"E.R. Manton, K. McGrath","Greater Vancouver Regional District, Mt. Seymour Provincial Park, Baden Powell trail",,49.33415,-122.9542,label,Y,3,1171,m,,1171,2011 Aug 08,Y,1.15,1.9,1,0.2,0.2,Y,2.5,0.6,1.3,4,10,0.31,70,3,1.8,4,,
V236980,UBC,formosa,,formosa,Fisch. ex DC.,BC,"E.R. Manton, K. McGrath","Kootenay Boundary Regional District, Conkle Lake Provincial Park",,49.18175,-119.09125,label,Y,3,1089,m,,1089,2011 Aug 13,N,1.1,1.5,NA,NA,0.4,Y,NA,0.5,1.2,4,4,0.2,NA,3.8,2.3,NA,fls mangled,
66220,UBC,formosa,,putative hybrid,Fisch. ex DC.,BC,W. Bird,"Mt. Moor, Middle Creek River",,51.073736,-122.602979,Google Earth,Y,1,7200,ft,,2194.56,1957 Aug 4,Y,1.6,1.65,2,0.3,0.5,N,1.8,0.8,0.9,2,1,0.3,,,,,"putative hybrid, location not found",
74700,UBC,formosa,,formosa,Fisch. ex DC.,BC,D. Mueller-Dombois,"Sutton's Cabin, Nanaimo River Valley",on moist river bank between grasses,49.08165,-124.116667,Google Earth,Y,1,680,ft,,207.264,1956 Jun 4,Y,1.7,1.87,1,0.3,0.4,NA,2,0.8,1.2,3,4,0.39,,,,,,
94466,UBC,formosa,,formosa,Fisch. ex DC.,BC,P.W. Joslin,"Copper River, Moresby Island, Queen Charlotte Islands",,48.727209,-123.320001,Google Earth,Y,1,NA,,,19,1960 Jul 9,N,0.89,1.57,0,0.15,0.35,Y,2.2,0.5,1.4,4,3,0.25,,,,,,
95798,UBC,formosa,,formosa,Fisch. ex DC.,BC,S.D. MacDonald,Topley,"common in damp open woodland poplar, willow etc.",54.50974,-126.29178,Google Earth,Y,1,NA,,,752,1956 Jul 18,Y,1.5,2,1,0.25,0.4,Y,2.4,0.9,1.35,4,3,0.47,,,,,,
60310,UBC,formosa,,formosa,Fisch. ex DC.,BC,R. Pillsbury,"Skidegate Inlet, Q.C.I.","common: open hillsides, pockets in rocks, seashore meadows",53.26803,-132.135911,Google Earth,Y,1,NA,,,113,1952 Jul 5,N,1.43,1.95,0,0.24,0.4,Y,2.4,0.7,1.05,3,6,0.3,,,,,,
55972,UBC,formosa,,formosa,Fisch. ex DC.,BC,V.C. Brink,"Black Tusk meadows, Garibaldi Park",,49.959774,-123.054463,Google Earth,Y,3,5500,ft,,1676.4,1956 Aug,Y,1.4,1.4,0,0.3,0.4,Y,2.2,0.8,1.4,2,4,NA,,,,,"possible hybrid, interesting sepals",
134143,UBC,formosa,,formosa,Fisch. ex DC.,BC,R. Revel,16 mi. S of McLeod Lake. Plot 004,Populus tremuloides - Pachystima myrsinites site,54.665612,-122.886409,Google Earth,Y,3,2000-2500,ft,,678.18,1967 Jun 15,Y,NA,1.5,NA,0.3,0.4,N,2.18,0.8,NA,2,4,0.3,,,,,"possible hybrid, no complete flowers",
55971,UBC,formosa,,formosa,Fisch. ex DC.,BC,V.C. Brink,"Helm Lake, Garibaldi Park",,49.967358,-123.025778,Google Earth,Y,3,5690,ft,,1734.312,1956 Aug 7,Y,1.6,1.7,0,0.25,0.4,Y,2.6,0.9,1.2,2,3,NA,,,,,"elevation added, no intact flowers",
36052,UBC,formosa,,formosa,Fisch. ex DC.,BC,D. Evlidge,"Forbidden Plateau, V.I.",,49.661195,-125.165081,Google Earth,Y,2,2400,ft,,731.52,1950 Aug 17,Y,1.3,2,1,0.3,0.38,N,2.7,0.77,1.22,4,3,0.4,,,,,elevation added,
43372,UBC,formosa,,formosa,Fisch. ex DC.,BC,R.G. McMinn,"Hitching Post, Haney",side of stream,49.20281,-122.581689,Google Earth,Y,2,10,ft,,3.048,1948 Jun 14,Y,1.2,1.4,1,0.15,0.36,N,1.4,0.6,1.1,3,8,0.21,,,,,,
43373,UBC,formosa,,formosa,Fisch. ex DC.,BC,Frank R. Hutton,Small clearing north edge of Lake McLeod,,54.992061,-123.038782,Google Earth,Y,2,2230,ft,,679.704,1948 Jun 15,N,NA,1.98,1,0.34,0.3,N,2.1,0.82,1.2,3,8,0.3,,,,,elevation added,
68942,UBC,formosa,,putative hybrid,Fisch. ex DC.,BC,M. Stonor,"Sheep Creek, Penticton",,49.354876,-119.74468,Google Earth,Y,1,NA,,,1015,1937 May 31,Y,1.93,1.9,1,0.4,0.4,N,1.9,0.7,1.25,2,4,0.27,,,,,putative hybrid,
66140,UBC,formosa,,formosa,Fisch. ex DC.,BC,W. Bird,"Mt. Moor, north of Dog Mt. N. end of Shulaps Range",,51.07808,-122.604455,Google Earth,Y,1,7000,ft,,2133.6,1957 Aug 8,Y,1.8,NA,NA,0.33,0.47,Y,1.6,0.6,1.17,2,2,NA,,,,,,
160789,UBC,formosa,,formosa,Fisch. ex DC.,BC,Peg McComb,abundant about 56 deg N. on the Steward-Cassiar High-way,,56,-129.093933,Google Earth,Y,3,770,ft,,234.696,1976 Jul 25,N,1.44,1.87,0,0.2,0.32,Y,2.5,0.63,1.4,4,4,0.32,,,,,elevation added,
95119,UBC,formosa,,putative hybrid,Fisch. ex DC.,BC,J.W. Eastham,"Head of Myoff Creek, N. Monashee",Alpine meadows,51.333375,-118.667053,Google Earth,Y,3,6000,ft,,1828.8,1960 Jul 29,N,1.52,1.6,3,0.35,0.3,N,1.9,0.7,1.06,3,1.5,0.4,,,,,putative hybrid,
43374,UBC,formosa,,formosa,Fisch. ex DC.,BC,Frank R. Hutton,small clearing north edge of Lake McLeod,,54.991708,-123.040697,Google Earth,Y,3,2240,ft,,682.752,1948 Jun 10,N,1.4,2,0,0.5,0.34,N,2.5,1,0.9,3,5,0.28,,,,,,
136505,UBC,formosa,,formosa,Fisch. ex DC.,BC,V.C. Brink,East of Kelowna,,49.855375,-119.210893,Google Earth,Y,1,NA,,,800,1951 Jul 10,Y,1.4,1.7,1,0.45,0.42,N,2.7,0.9,1.1,4,5,0.26,,,,,,
74425,UBC,formosa,,formosa,Fisch. ex DC.,BC,"T.M.C. Taylor, A.F. Szczawinski","Walters Island, Kyuquot, V.I.",edge of woods,50.026505,-127.378221,Google Earth,Y,3,50,ft,,15.24,1958 June 27, Y,1.1,1.1,2,0.2,0.32,N,1.4,0.4,1.1,2,6,0.2,,,,,,
74426,UBC,formosa,,formosa,Fisch. ex DC.,BC,"T.M.C. Taylor, A.F. Szczawinski","Markale, Kyuquot, V.I.",mossy stream side,50.072456,-127.169325,Ministry of Natural Resource Operations - BC Geographical Names,Y,3,90,ft,,27.432,1958 July 5,Y,NA,NA,NA,NA,NA,N,NA,NA,NA,NA,5,NA,,,,,,
79550,UBC,formosa,,formosa,Fisch. ex DC.,BC,K. Roller,Powell River,,49.848538,-124.528237,Google Earth,Y,1,NA,,,29,1957 May 9,Y,NA,1,1,NA,NA,Y,2.2,0.5,0.8,3,3,0.2,,,,,immature,
79128,UBC,formosa,,formosa,Fisch. ex DC.,BC,F. Szy,Nanaimo River,,49.075211,-124.055161,Google Earth,Y,1,NA,,,160,1957 Jul 2,Y,NA,NA,1,NA,NA,NA,1.6,0.7,NA,2,5,NA,,,,,immature - younger flower is pure yellow,
83165,UBC,formosa,,formosa,Fisch. ex DC.,BC,"K. Beamish, F.Vrugtman, E. Kallio","Hope-Princeton Hwy. Big Burn, Mannin Park",gravelly flat by stream,49.162592,-120.941133,Ministry of Natural Resource Operations - BC Geographical Names,Y,3,3260,ft,,993.648,1959 Jul 6,Y,1.7,1.9,0,0.3,0.4,N,2.1,0.8,1.2,3,5.5,0.3,,,,,,
83707,UBC,formosa,,formosa,Fisch. ex DC.,BC,K. Roller,Mannin Park,,49.061189,-120.784856,Google Earth,Y,1,NA,,,1182,1959 Aug 2,Y,1.4,NA,NA,0.35,0.38,Y,1.9,0.6,1.1,3,3,,,,,,,
66021,UBC,formosa,,formosa,Fisch. ex DC.,BC,H.B. Van Horne,Remo (near Terrace) on main highway west of Zygomatity R. bridge,shaded gravel roadside,54.480151,-128.71971,Google Earth,Y,1,170,ft,,51.816,1949 Jun 17,Y,1.3,1.7,NA,0.3,0.4,Y,2.1,0.7,1.2,3,5.5,,,,,,,
116355,UBC,formosa,,formosa,Fisch. ex DC.,BC,V. J. Krajina,"Mt. Nicola, 6 mil. South of Messitt",,50.084141,-120.63565,label,Y,3,3837,ft,,1169.5176,1965 Jun 23,Y,1.5,2.15,1,0.38,0.35,N,1.9,0.7,0.9,3,13,,,,,,"location read as Merritt, not Messitt",
116283,UBC,formosa,,putative hybrid,Fisch. ex DC.,BC,V. J. Krajina,Revelstoke National Park,,51.076915,-118.001197,Google Earth,Y,1,NA,,,1891,1965 Jun 22,Y,1.2,1.2,2,0.6,0.5,N,1.8,0.62,0.65,3,11,,,,,,putative hybrid,
146087,UBC,formosa,,formosa,Fisch. ex DC.,BC,"R.L. Taylor, C.E. Beil, C.J. Marchant, S.J. Oliver","Saxifraga Creek, Ilgachuz Mountains north of Anahim Lake",rocky creek bottom with many dry spring flood plains available for vegetation,52.828055,-125.252392,label,Y,3,5600-5900,ft,,1752.6,1972 Aug 15,Y,1.1,1.7,1,0.4,0.3,N,2.2,0.8,0.8,3,3,,,,,,possible hybrid,
34067,UBC,formosa,,formosa,Fisch. ex DC.,BC,J. Buckland,"Great Central Lake, V.I.",near river,49.376814,-125.131626,Google Earth,Y,1,NA,,,129,1939 Jun,N,1.15,2.1,0,0.3,0.23,Y,2.7,0.8,1.1,4,,,,,,,,
34051,UBC,formosa,,formosa,Fisch. ex DC.,BC,J.W. Eastham,"W. of Kinbasket L., Big Bend Hwy",,52.098543,-118.632377,Google Earth,Y,1,NA,,,1787,1941 Jul 21,NA,1.77,2.1,0,0.45,0.6,N,2.1,0.8,1,4,,,,,,,"""only one seen; the yellow flowered form being the common one""",
34052,UBC,formosa,,formosa,Fisch. ex DC.,BC,T.R. Ashlee,near Haney,,49.211033,-122.63215,Google Earth,Y,1,NA,,,21,1923 May 25,N,NA,1.8,0,0.2,0.3,Y,2.7,0.8,1.05,2,,,,,,,,
34054,UBC,formosa,,formosa,Fisch. ex DC.,BC,W. Taylor,Quesnel,,52.980774,-122.492642,Google Earth,Y,1,NA,,,487,1933 Jul,N,1.66,2,0,0.2,0.4,Y,2.1,0.9,1.08,3,,,,,,,,
34056,UBC,formosa,,formosa,Fisch. ex DC.,BC,W. Taylor,"Tenquille Lake, Pemberton",,50.530534,-122.940357,Google Earth,Y,2,NA,,,1986,1946 Aug,Y,1.44,1.6,0,0.21,0.35,Y,2.5,0.84,1.1,4,,,,,,,,
34057,UBC,formosa,,formosa,Fisch. ex DC.,BC,J.W. Eastham,Prince George,woodland,53.935067,-122.728917,Google Earth,Y,1,NA,,,670,1944 Jun 25,Y,1.4,0.7,NA,0.22,0.35,Y,2.5,0.9,1.25,3,,,,,,,,
148153,UBC,formosa,,formosa,Fisch. ex DC.,BC,Schwartz,"40 miles NW of Clearwater, BC",moist woods,51.934658,-120.775946,Google Earth,Y,2,NA,,,1046,1974 Jun 24,Y,1.9,2,1,0.26,0.55,N,2.9,0.8,1.3,3,,,,,,,,
155568,UBC,formosa,,formosa,Fisch. ex DC.,BC,J. Pojar,"Columbine ridge,SW-most ridge of Ghost Mountain, Gladys Lake area",,57.612887,-128.83626,label,Y,3,4800,ft,,1463.04,1975 Jul 14,Y,1.4,1.75,0,0.2,0.4,N,1.9,0.7,1.1,3,,,,,,,"slight disagreement between description and coordinates, mapped by description",
172338,UBC,formosa,,formosa,Fisch. ex DC.,BC,Arle Kruckeberg,"S of Top Pit, Pinchi Mine",,54.64419,-124.445199,label,Y,2,2650,ft,,807.72,1981 Jun 20,Y,1.64,1.8,0,0.27,0.35,Y,2,0.73,1.4,4,,,,,,,,
158217,UBC,formosa,,formosa,Fisch. ex DC.,BC,"B. Fraser, V.J. Krajina","Sentinel Glacier foreland, Garibaldi park",glacial moraines,49.883613,-123.011201,Google Earth,Y,3,5000,ft,,1524,1966,Y,NA,NA,NA,NA,NA,NA,NA,NA,NA,NA,,,,,,,,
47593,UBC,formosa,,formosa,Fisch. ex DC.,BC,M. Jackson,Taylor Lake (Tulameen River),,49.749138,-120.63281,Ministry of Natural Resource Operations - BC Geographical Names,Y,1,NA,,,1036,1950,N,1.88,2.2,0,0.3,0.45,Y,2.3,0.8,1.4,3,,,,,,,,
47781,UBC,formosa,,formosa,Fisch. ex DC.,BC,D. Farris Jr. ,3 miles north of Hope,on rock slide,49.424634,-121.440864,Google Earth,Y,1,NA,,,171,1954 May 19,Y,1.42,1.85,0,0.2,0.3,Y,2.2,0.88,1.2,3,,,,,,,,
207540,UBC,formosa,,formosa,Fisch. ex DC.,Oregon,Gerald B. Straley,1 km west of Murphy on Southside Road,,42.333724,-123.355442,Google Earth,Y,3,1130,ft,,344.424,1993 May 4,Y,1.6,2.1,1,0.15,0.35,Y,2,0.66,1.2,3,,,,,,,has 7 spurs!,
130126,UBC,formosa,,formosa,Fisch. ex DC.,Nevada,"Noel H. Holmgren, Patricia K. Holmgren",,,41.310857,-118.424391,Google Earth,Y,3,7600,ft,,2316.48,1970 Jul 20,Y,1.6,2.2,0,0.35,0.4,N,2.2,0.5,1.3,4,,,,,,,,
130255,UBC,formosa,,formosa,Fisch. ex DC.,Alberta,"K.I. Beamish, J. Pinder-Moss","Mt. Clitheroe, Tonquin Valley, Jasper National Park",open meadow slopes above timber,52.71425,-118.228893,Google Earth,Y,3,7500,ft,,2286,1970 Jul 26,Y,1.45,1.3,1,0.4,0.55,N,1.5,0.58,0.76,3,,,,,,,,
136041,UBC,formosa,,formosa,Fisch. ex DC.,Oregon,V. J. Krajina,"Under Wapinitia Pass, Mt. Hood",,45.219667,-121.694689,Google Earth,Y,1,NA,,,1180,1954 Jun 13,Y,NA,NA,NA,NA,NA,NA,NA,NA,NA,0,,,,,,,looks more like flavescens than formosa,
130134,UBC,formosa,,formosa,Fisch. ex DC.,Idaho,"Noel H. Holmgre, Earl Jensen","Black Pine Peak area, Pole Canyon, above Pole Spring, 44 airline miles south-east of Burley",common in aspen and open areas with sagebrush,42.10933,-113.053809,Google Earth,Y,2,6700,ft,,2042.16,1969 Jun 9,Y,1.4,1.8,1,0.45,0.47,N,2.4,0.65,1.4,4,,,,,,,,
86682,UBC,formosa,,formosa,Fisch. ex DC.,Alaska,W.J. Eyerdam,"Washington Bay, Kuiu Island",in shady ravine,56.729057,-134.355694,Google Earth,Y,2,NA,,,181,1955 Jul 20,N,1.7,1.5,0,0.3,0.4,N,2.7,0.8,1.3,3,,,,,,,,
45879,UBC,formosa,,formosa,Fisch. ex DC.,Washington,J. William Thompson,"Snohomish county, base of Big Four Mt., Cascade Mts.",alpine slopes,48.045257,-121.502825,Google Earth,Y,3,2400,ft,,731.52,1940 Jun 15,Y,1.6,NA,NA,0.26,0.4,N,2.3,0.81,1.4,3,,,,,,,,
65115,UBC,formosa,,putative hybrid,Fisch. ex DC.,Oregon,W.C. McCalla,just below summit of Blue Mountain Pass,open woods,42.323832,-117.87216,Google Earth,Y,2,4300,ft,,1310.64,1938 Jul 8,Y,1.36,1.54,2,0.2,0.35,N,1.4,0.5,1,2,,,,,,,"putative hybrid, elevation as on label",
71261,UBC,formosa,,formosa,Fisch. ex DC.,Oregon,Albert N. Steward,"Benton County, along road to Bell-fountain, 4 mi. s.w. of Corvallis","scattered in woodland shade, with Lilium & Campanula, on moist humus soil",44.436676,-123.336239,Google Earth,Y,3,400,ft,,121.92,1953 Aug 4,Y,1.57,1.33,1,0.3,0.45,N,1.7,0.5,1.5,4,,,,,,,,
766169,UBC,formosa,,formosa,Fisch. ex DC.,Washington,J.W. Tolmie,Mt. Rainier,,46.906723,-121.844497,Google Earth,Y,1,NA,,,1385,1912,N,1.3,1.9,1,0.3,0.2,N,1.9,0.5,0.9,3,,,,,,,,
78425,UBC,formosa,,formosa,Fisch. ex DC.,Oregon,Ellen Walter,"Lane County, East of Greenleaf, 4 to 5 miles","damp cliff with thin, dry soil; south exposure;with grasses, Saxifraga, Sedum",44.116917,-123.567016,Google Earth,Y,2,800,ft,,243.84,1955 May 21,Y,0.97,1.4,NA,0.24,0.35,N,2.4,0.82,1.2,3,,,,,,,,
103865,UBC,formosa,,formosa,Fisch. ex DC.,Washington,F. Vrugtman,"Glacier Creek Headwaters, Mt. Baker",mountain-side meadow,48.836009,-121.860599,Google Earth,Y,2,NA,,,1746,1962 Jul 15,Y,1.5,1.8,0,0.3,0.3,N,2.5,1,1.43,3,,,,,,,,
184699,UBC,formosa,,formosa,Fisch. ex DC.,California,K.Y. Kiew,above Lake Sabrina,sandy soil,37.20684,-118.613997,Google Earth,Y,1,NA,,,2839,1971 July 29,Y,1.75,2.6,0,0.5,0.3,N,1.9,0.61,0.7,3,,,,,,,,
110880,UBC,formosa,,formosa,Fisch. ex DC.,California,D.E.Breedlove,Plaskett Creek Campground,dense thicket of Rubus sp. And Rhus diversiloba,35.919235,-121.469123,Google Earth,Y,3,100,ft,,30.48,1962 Apr 6,N,0.74,1.4,1,0.4,0.38,N,NA,NA,0.4,3,,,,,,,,
90406,UBC,formosa,,formosa,Fisch. ex DC.,Alaska,"south-facing slope of Klehini River Valley along Haines Road near Mile 33, about 51 km. northwest of Haines","sandy, talus slope",,59.43864,-136.253216,Google Earth,Y,3,225,m,,225,1959 Jul 4,Y,1.5,1.6,NA,0.33,0.3,N,2.3,0.7,1.3,4,,,,,,,,
95103,UBC,formosa,var. wawawensis,formosa,Pays.,Washington,"along Snake River, across from Truax, Whitman Co",moist cliffs,,46.687868,-117.514969,Google Earth,Y,1,NA,,,343,1928 May 18,Y,1.48,1.43,1,0.33,0.4,N,1.9,0.77,1.2,3,,,,,,,,
79215,UBC,formosa,,formosa,Fisch. ex DC.,BC,L. Holm,"Cowichan, Vancouver Island",,48.823496,-123.992599,Google Earth,Y,1,NA,,,264,1959 May 21,Y,1.65,1.75,1,0.2,0.34,Y,2.7,0.8,0.83,4,5,0.38,,,,,,
V34055,UBC,formosa,,formosa,Fisch. ex DC.,BC,W. Taylor,"North Shore, Eagle Creek",,49.363868,-123.244867,Ministry of Natural Resource Operations - BC Geographical Names,Y,2,NA,,,284,1914 Jun 28,N,1,1.7,1,0.2,NA,NA,1,0.6,1.3,2,5,0.35,NA,3.1,3.1,NA,,
36603,UBC,formosa,,formosa,Fisch. ex DC.,Alaska,R.F.  Scott,Peters Creek,,61.342414,-149.280565,Google Earth,Y,2,2500,ft,,762,1950 Jul 17,Y,1.3,1.51,0,0.3,0.31,N,2.3,0.61,0.8,4,,,,,,,purple flower!,
170815,ID,flavescens,,flavescens,S. Watson,Idaho,Reina Nielsen,,,44.85012,-115.96146,GPS,Y,3,2133,m,,2133,2015 Jul 1,Y,1.42,1.57,0,0.48,0.53,N,1.56,0.49,0.64,0,,,,,,,,
170684,ID,formosa,,formosa,,Idaho,Janet Bala,,,45.998039,-115.652675,Specimen Label,Y,3,1500,m,,1500,2015 Jun 19,Y,1.82,1.85,3,0.73,0.74,N,2.95,1.16,0.69,4,,,,,,,,
170713,ID,formosa,,formosa,,Idaho,J. F. Smith,,,46.045067,-115.6604,Specimen Label,Y,3,1787,m,,1787,2015 Jun 19,Y,2.04,2.11,0,0.4,0.68,N,2.48,0.93,1,NA,,,,,,,,
170499,ID,formosa,,formosa,,Idaho,Sarah Herzog,,,46.1488,-115.50215,Specimen Label,Y,3,1768,m,1829,1800,2015 Jun 19,Y,1.13,2.04,1,0.57,0.43,N,1.7,0.54,0.48,4,,,,,,,,
169360,ID,flavescens,,putative hybrid,,Idaho,Hannah Marx,,,43.77446,-114.15942,Digital Map,Y,2,3537,m,,3537,2013 Aug 7,N,1.4,1.24,0,0.37,0.45,N,1.45,0.6,0.68,1,,,,,,,,
165345,ID,formosa,,formosa,,Idaho,Danielle L. Clay,,,44.73893,-115.45797,Specimen Label,Y,3,2250,m,,2250,2011 Aug 24,Y,NA,NA,NA,NA,NA,NA,NA,NA,NA,NA,,,,,,,fruiting,
165592,ID,flavescens,,putative hybrid,,Idaho,D. Mansfield,,,44.4108,-114.7357,Specimen Label,Y,3,2073,m,,2073,2010 Jul 17,Y,1.89,1.64,1,0.43,0.64,N,1.98,0.51,0.99,2,,,,,,,,
158879,ID,formosa,,formosa,,Idaho,J. F. Smith,,,43.831817,-114.045233,,Y,2,2404,m,,2404,2009 Jul 11,Y,1.75,1.6,1,0.45,0.54,N,1.86,0.76,0.96,4,,,,,,,,
158806,ID,formosa,,formosa,,Oregon,Richard R. Halse,,,45.43124,-118.36353,,Y,2,1228,m,,1228,2009 Jun 15,Y,1.49,1.73,0,0.21,0.3,N,1.88,0.66,1.13,4,,,,,,,,
145370,ID,formosa,,putative hybrid,,Idaho,J. F. Smith,,,45.26855,-116.186283,,Y,2,2348,m,,2348,2008 Jul 9,Y,NA,NA,3,NA,NA,NA,1.71,0.82,NA,2,,,,,,,,
157292,ID,flavescens,,flavescens,,Idaho,Pamela Brunsfeld,,,47.430078,-115.760625,,Y,2,1774,m,,1774,2007 Jul 19,Y,2.54,1.74,2,0.56,0.75,N,2.75,1.07,0.83,0,,,,,,,,
142507,ID,flavescens,,flavescens,,Idaho,Pam Brunsfeld,,,47.432969,-115.758567,,Y,2,1763,m,,1763,2007 Jun 26,Y,2.45,1.35,0,0.81,0.66,N,1.98,0.75,0.65,0,,,,,,,,
140537,ID,flavescens,,flavescens,,Idaho,Matthew Parks,,,48.635167,-116.567667,,Y,2,1707,m,2226,1967,2007 Jul 10,Y,NA,NA,NA,NA,NA,NA,NA,NA,NA,0,,,,,,,,
138695,ID,flavescens,,flavescens,,Idaho,Pam Brunsfeld,,,48.677258,-116.654572,,Y,2,1880,m,,1880,2006 Jul 12,Y,1.15,NA,NA,0.62,NA,N,NA,NA,0.47,0,,,,,,,,
138668,ID,flavescens,,flavescens,,Idaho,Pam Brunsfeld,,,46.944694,-115.277272,,Y,2,2008,m,,2008,2006 Jul 18,Y,1.83,1.93,0,0.55,0.67,N,1.78,0.52,0.89,0,,,,,,,,
144289,ID,flavescens,,flavescens,,Washington,Ryan Miller,,,47.304722,-120.597361,,Y,2,1515,m,,1515,2006 Jul 8,Y,2.19,1.87,0,0.38,0.7,N,2,0.67,0.86,0,,,,,,,,
144250,ID,flavescens,,putative hybrid,,Washington,Don Knoke,,,47.2523,-120.585633,,Y,2,1944,m,,1944,2006 Jul 7,Y,1.89,1.84,1,0.41,0.43,N,2.44,0.84,1.23,0,,,,,,,"one flower with yellow seps, red spurs, another with blue seps, yellow spurs",
144627,ID,formosa,,formosa,,Washington,Robert Goff,,,47.3302,-120.6752,,Y,2,1000,m,,1000,2006 Jul 8,Y,NA,1.35,0,0.37,0.3,N,1.63,0.69,0.76,4,,,,,,,has more green in sepals than usual,
144370,ID,formosa,,formosa,,Washington,Cole Brooking,,,47.323633,-120.5263,,Y,2,1711,m,,1711,2006 Jul 9,Y,1.64,1.33,3,0.33,NA,Y,2.19,1,1.24,3,,,,,,,,
137707,ID,formosa,,formosa,,BC,Amie-June Brumble,,,53.251947,-132.045408,,Y,2,2,m,,2,2006 May 30,Y,1.13,1.54,1,0.4,0.34,N,1.42,0.62,0.79,4,,,,,,,,
141679,ID,flavescens,,flavescens,,Idaho,Sheila Olmstead,,,46.860183,-115.22885,,Y,2,1767,m,,1767,2005 Jul 10,Y,2.08,1.74,0,0.51,0.76,N,1.87,0.78,0.73,0,,,,,,,,
133942,ID,flavescens,,putative hybrid,,Montana,Carly E. Gibson,,,45.4142,-112.8841,TRS2LL,Y,2,2207,m,,2207,2005 Jul 9,Y,2.07,1.96,1,0.63,0.64,N,2.82,1.03,1.09,1,,,,,,,,
135155,ID,formosa,,formosa,,Washington,David Kiefer,,,47.4097,-121.7726,TRS2LL,Y,2,1037,m,,1037,2001 Jun 23,Y,0.82,1.18,0,0.22,0.25,N,1.61,0.56,1.24,4,,,,,,,,
114875,ID,formosa,,formosa,,Idaho,Mark Fishbein,,,44.441667,-113.316667,,Y,2,2736,m,,2736,1999 Jul 30,Y,2.02,2.35,0,0.5,0.7,N,2,0.53,0.92,4,,,,,,,,
162666,ID,flavescens,,flavescens,,Wyoming,David Rosenthal,,,44.4328,-109.8651,TRS2LL,Y,2,2256,m,2500,2378,1997 Jul 13,Y,1.95,1.46,1,0.62,0.74,N,1.33,0.57,0.44,0,,,,,,,,
119508,ID,flavescens,,flavescens,,Idaho,Michael Mancuso,,,44.7522,-115.794,TRS2LL,Y,2,2646,m,,2646,1996 Jul 20,Y,NA,0.99,3,0.56,0.46,N,1.07,NA,0.77,0,,,,,,,,
113854,ID,formosa,,formosa,,Oregon,A. C. Sondenaa,,,44.7625,-123.9374,TRS2LL,Y,2,NA,,,31,1995 Jun 2,Y,1.45,2.14,0,0.21,0.3,Y,2.36,0.74,0.96,4,,,,,,,,
113441,ID,flavescens,,flavescens,,Idaho,Bob Moseley,,,47.303,-115.5303,TRS2LL,Y,2,1997,m,,1997,1993 Jul 14,Y,2.2,1.56,2,0.66,0.64,N,2.43,1.21,0.79,0,,,,,,,,
158799,ID,formosa,,formosa,,Oregon,Calib Baldwin,,,42.3235,-122.1969,TRS2LL,Y,2,1585,m,,1585,1993 Jul 7,Y,1.49,1.75,1,0.24,0.43,N,2.1,0.87,1.03,4,,,,,,,,
109039,ID,flavescens,,flavescens,,Idaho,Michael Mancuso,,,45.2038,-114.6829,TRS2LL,Y,2,1037,m,1159,1098,1992 Jun 5,Y,1.41,1.6,0,0.37,0.5,N,1.41,0.45,0.71,0,,,,,,,,
111325,ID,flavescens,,flavescens,,Idaho,Stuart Markow,,,44.6712,-111.3063,TRS2LL,Y,2,2073,m,2134,2104,1992 Jun 7,Y,1.88,1.59,2,0.56,0.68,N,2.23,0.73,0.59,1,,,,,,,,
105691,ID,flavescens,,flavescens,,Montana,Maria Mantas,,,48.6382,-114.4198,TRS2LL,Y,2,2296,m,,2296,1992 Jun 28,Y,2.21,1.25,3,0.51,0.67,N,2.3,1.25,0.69,0,,,,,,,,
111694,ID,formosa,,formosa,,Idaho,B. E. Nelson,,,44.482,-111.9084,TRS2LL,Y,2,2012,m,,2012,1992 Jun 5,Y,1.39,1.68,3,0.33,NA,N,1.65,0.72,1.08,4,,,,,,,,
103591,ID,formosa,,formosa,,Nevada,Arnold Tiehm,,,40.4431,-118.1801,TRS2LL,Y,2,1951,m,,1951,1898 Jun 22,Y,1.2,1.55,0,0.26,0.25,N,1.84,0.5,1.12,3,,,,,,,,
77063,ID,flavescens,,flavescens,,Idaho,A. F. Cholewa,,,43.5093,-116.1259,TRS2LL,Y,2,2195,m,,2195,1982 Aug 11,Y,1.54,1.27,0,0.36,0.63,N,1.55,0.7,0.59,0,,,,,,,,
81035,ID,formosa,,formosa,,Idaho,Douglass Henderson,,,44.110206,-113.13652,Digital Map,Y,2,2165,m,,2165,1982 Jul 28,Y,1.59,1.66,1,0.19,0.42,Y,1.74,0.72,1.18,4,,,,,,,,
75757,ID,formosa,,formosa,,Idaho,A. F. Cholewa,,,43.4176,-113.0252,TRS2LL,Y,2,1744,m,,1744,1981 Jun 11,Y,NA,1.95,2,0.4,0.49,N,1.97,0.86,1.04,4,,,,,,,,
80650,ID,flavescens,,flavescens,,Wyoming,E. F. Evert,,,44.4908,-110.1269,TRS2LL,Y,2,2896,m,,2896,1980 Aug 8,Y,1.37,0.96,2,0.33,0.4,N,1.43,NA,0.66,0,,,,,,,,
76121,ID,formosa,,putative hybrid,,Idaho,F. H. Utech,,,45.6631,-114.8133,TRS2LL,Y,2,2287,m,,2287,1980 Jul 31,Y,1.85,1.68,2,0.45,0.66,N,2.17,0.73,1.17,3,,,,,,,,
149417,ID,flavescens,,putative hybrid,,Idaho,Steven Brunsfeld,,,43.8637,-113.3648,TRS2LL,,2,1966,m,,1966,1797 May 31,Y,1.38,1.31,2,0.34,0.47,N,1.43,0.43,0.49,2,,,,,,,,
72497,ID,flavescens,,putative hybrid,,Idaho,R. T. Bingham,,,45.363889,-116.486111,,,2,2546,m,,2546,1979 Jul 21,Y,1.84,1.63,2,0.57,0.66,N,1.83,0.61,0.51,1,,,,,,,,
127129,ID,flavescens,,flavescens,,Washington,C. A. Wellner,,,48.7939,-117.1317,TRS2LL,Y,2,1616,m,,1616,1974 Jul 21,Y,2.92,2.04,1,0.86,0.74,N,2.84,1,0.67,0,,,,,,,,
125020,ID,formosa,,formosa,,Idaho,C. A. Wellner,,,45.6342,-114.9164,TRS2LL,Y,2,2134,m,,2134,1974 Aug 14,Y,1.64,1.77,0,0.4,0.56,N,2.39,0.63,0.66,4,,,,,,,,
57146,ID,formosa,,formosa,,Nevada,Noel H. Holmgren,,,38.6838,-114.7019,TRS2LL,Y,2,2287,m,,2287,1969 Aug 11,Y,1.55,2.1,0,0.26,0.38,N,1.81,0.64,1.29,4,,,,,,,,
115341,ID,flavescens,,flavescens,,Montana,Marie Mooar,,,47.0734,-115.0607,TRS2LL,Y,2,1646,m,1738,1692,1968 Jul 22,Y,1.88,1.59,1,0.69,0.56,N,2.44,0.74,0.67,0,,,,,,,,
115477,ID,flavescens,,flavescens,,Montana,Marie Mooar,,,48.286,-113.3678,TRS2LL,Y,2,NA,,,1597,1967 Jul 3,Y,1.92,1.51,0,0.54,0.76,N,1.51,0.91,0.73,0,,,,,,,,
18857,ID,formosa,,formosa,,Oregon,Arthur Cronquist,,,44.9025,-120.0771,TRS2LL,Y,2,NA,,,1011,1950 Jun 23,Y,1.56,1.81,1,0.13,0.38,N,2.18,0.79,1.25,3,,,,,,,,
21009,ID,flavescens,,flavescens,,Idaho,J. H. Christ,,,43.678771,-114.360834,Georeferenced,Y,2,,,,1777,1938 Sep 8,Y,1.42,NA,NA,0.55,0.44,N,2.2,0.42,0.58,0,,,,,,,,
55304,ID,flavescens,,flavescens,,Idaho,Unknown,,,48.180742,-116.909365,GeoLocate,Y,2,,,,648,1928,Y,2.12,1.33,3,0.66,1.03,N,2,0.63,0.8,,,,,,,,,